PSTC_ID,PSTC,CITY
1,50000,Anuradhapura
2,50004,Perimiyankulama
3,50006,Galkadawala
4,50008,Saliyapura
5,50012,Viharapalugama
6,50014,Elayapattuwa
7,50016,Tantirimale
8,50020,Pemaduwa
9,50022,Mahawilachchiya
10,50029,Pandulagama
11,50036,Gnanikulama
12,50042,Sravasthipura
13,50044,Hidogama
14,50046,Nachchaduwa
15,50055,Parasangahawewa
16,50057,Gambirigaswewa
17,50062,Kurundankulama
18,50064,Galkulama
19,50067,Uttimaduwa
20,50068,Sivalakulama
21,50072,Tirappane
22,50080,Maradankadawala
23,50086,Walagambahuwa
24,50088,Labunoruwa
25,50100,Kekirawa
26,50104,Tammennawa
27,50110,Vijithapura
28,50111,Palagala
29,50112,Andiyagala
30,50120,Galkiriyagama
31,50122,Pubbogama
32,50124,Halmillawa Dambulla
33,50126,Maha Elagamuwa
34,50130,Madatugama
35,50132,Kitulhitiyawa
36,50142,Ganewalpola
37,50144,Palugaswewa
38,50150,Habarana
39,50169,Awukana
40,50170,Galnewa
41,50174,Kalankuttiya
42,50176,Hurigaswewa
43,50180,Negampaha
44,50182,Maneruwa
45,50184,Siyambalewa
46,50196,Mahabulankulama
47,50200,Nochchiyagama
48,50206,Pahala Halmillewa
49,50207,Udunuwara Colony
50,50210,Galadivulwewa
51,50212,Ranorawa
52,50214,Dunumadalawa
53,50220,Pahala Maragahawe
54,50222,Horiwila
55,50224,Gemunupura
56,50226,Kalaoya
57,50230,Talawa
58,50232,Karagahawewa
59,50236,Malwanagama
60,50240,Tambuttegama
61,50242,Telhiriyawa
62,50244,Pahalagama
63,50246,Rajanganaya
64,50248,Angamuwa
65,50259,Kiralogama
66,50260,Eppawala
67,50261,Katiyawa
68,50262,lhala Halmillewa
69,50270,Mahailluppallama
70,50280,lpologama
71,50282,Kagama
72,50284,Senapura
73,50288,Kalakarambewa
74,50300,Mihintale
75,50304,lhalagama
76,50306,Mahakanadarawa
77,50308,Maradankalla
78,50320,Kahatagasdigiliya
79,50324,Mulkiriyawa
80,50326,Parakumpura
81,50327,Mahapothana
82,50334,Megodawewa
83,50338,Padikaramaduwa
84,50339,Namalpura
85,50344,Muriyakadawala
86,50349,Morakewa
87,50350,Horawpatana
88,50354,Parangiyawadiya
89,50356,Dematawewa
90,50358,Welimuwapotana
91,50370,Kapugallawa
92,50380,Seeppukulama
93,50382,Upuldeniya
94,50384,Mailagaswewa
95,50386,Rampathwila
96,50390,Galenbindunuwewa
97,50392,Getalawa
98,50393,Dutuwewa
99,50394,Hurulunikawewa
100,50448,Pandukabayapura
101,50450,Rambewa
102,50452,Kendewa
103,50454,Kallanchiya
104,50492,Wahamalgollewa
105,50500,Kebithigollewa
106,50500,Medawachchiya
107,50506,Punewa
108,50511,Kirigalwewa
109,50512,Pihimbiyagolewa
110,50514,Rathmalgahawewa
111,50516,Walahaviddawewa
112,50518,Etaweeragollewa
113,50552,Halmillawetiya
114,50554,Gonahaddenawa
115,50556,Kalawedi Ulpotha
116,50558,Tittagonewa
117,50562,Kahatagollewa
118,50564,Wahalkada
119,50566,Bogahawewa
120,50567,Pulmoddai
121,50570,Padaviya
122,50572,Padavi Maithripura
123,50574,Mahasenpura
124,50582,Padavi Parakramapura
125,50584,Etawatunuwewa
126,50586,Welioya Project
127,50587,Padavi Sripura
128,50588,Padavi Sritissapura
129,32000,Ampara
130,32006,Deegawapiya
131,32008,Digamadulla Weeragoda
132,32010,Hingurana
133,32012,Moragahapallama
134,32014,Damana
135,32016,Madawalalanda
136,32018,Mahanagapura
137,32022,Pannalagama
138,32024,Bakmitiyawa
139,32031,Paragahakele
140,32032,Polwaga Janapadaya
141,32034,Pahalalanda
142,32035,Koknahara
143,32037,Namaloya
144,32038,Devalahinda
145,32039,Wadinagala
146,32046,Dadayamtalawa
147,32048,Siyambalawewa
148,32050,Central Camp
149,32060,Uhana
150,32062,Werunketagoda
151,32064,Gonagolla
152,32066,Galapitagala
153,32068,Rajagalatenna
154,32069,Mangalagama
155,32070,Mahaoya
156,32072,Tempitiya
157,32074,Kekirihena
158,32100,Padiyatalawa
159,32101,Serankada
160,32102,Kolamanthalawa
161,32104,Dorakumbura
162,32120,Nawamedagama
163,32126,Damanewela
164,32150,Dehiattakandiya
165,32155,Siripura
166,32158,Mawanagama
167,32198,Malwatta
168,32200,Samanthurai
169,32250,Karativu
170,32280,Sainthamaruthu
171,32300,Kalmunai
172,32308,Navithanveli
173,32314,Marathamune
174,32316,Periyaneelavanai
175,32340,Nintavur
176,32350,Addalaichenai
177,32354,Palamunai
178,32360,Oluvil
179,32400,Akkaraipattu
180,32405,Kannakipuram
181,32415,Thambiluvil
182,32418,Komari
183,32420,Tirukovil
184,32450,lmkkamam
185,32454,Wanagamuwa
186,32500,Pottuvil
187,32508,Panama
188,32512,Lahugala
189,32514,Hulannuge
190,30000,Batticaloa
191,30016,Kannankudah
192,30018,Navatkadu
193,30022,Pillaiyaradi
194,30024,Thannamunai
195,30100,Kattankudi
196,30150,Araipattai
197,30158,Puthukudiyiruppu
198,30159,Kirankulam
199,30160,Kokkaddichcholai
200,30162,Ampilanthurai
201,30192,Kurukkalmadam
202,30194,Cheddipalayam
203,30196,Thettativu
204,30200,Kaluwanchikudi
205,30204,Vellavely
206,30206,Bakiella
207,30220,Mandur
208,30230,Periyaporativu
209,30234,Thirupalugamam
210,30236,Thikkodai
211,30238,Navagirinagar
212,30249,Koddaikallar
213,30250,Kallar
214,30254,Thuraineelavanai
215,30300,Eravur
216,30350,Chenkaladi
217,30352,Pankudavely
218,30354,Karadiyanaru
219,30358,Periyapullumalai
220,30362,Ayithiyamalai
221,30364,Unnichchai
222,30372,Kaluwankemy
223,30376,Vantharumoolai
224,30392,Murakottanchanai
225,30394,Kiran
226,30400,Valaichenai
227,30410,Kalkudah
228,30420,Oddamavadi
229,30424,Vakaneri
230,30426,Miravodai
231,30428,Punanai
232,30442,Mankemi
233,30444,Panichankemi
234,30450,Vakarai
235,30456,Kathiraveli
236,90000,Badulla
237,90008,Soranatota
238,90012,Timbirigaspitiya
239,90013,Egodawela
240,90014,Taldena
241,90015,Meegahakiula
242,90016,Ketawatta
243,90017,Arawa
244,90019,Baduluoya
245,90020,Kandaketya
246,90022,Maliyadda
247,90026,Rilpola
248,90028,Spring Valley
249,90034,Wineethagama
250,90042,Nelumgama
251,90044,Sirimalgoda
252,90046,Kuttiyagolla
253,90048,Kendagolla
254,90052,Kahataruppa
255,90060,Hali Ela
256,90061,Uva Uduwara
257,90062,Uva Deegalla
258,90063,Jangulla
259,90064,Narangala
260,90065,Galauda
261,90066,Beramada
262,90067,Godunna
263,90068,Landewela
264,90070,Kandegedara
265,90071,Pathanewatta
266,90072,Tennepanguwa
267,90080,Demodara
268,90082,Gawarawela
269,90090,Ella
270,90091,Uva Karandagolla
271,90092,Ballaketuwa
272,90094,Helapupula
273,90100,Bandarawela
274,90102,Kebillawela
275,90104,Dulgolla
276,90106,Liyangahawela
277,90108,Ambadandegama
278,90112,Heeloya
279,90114,Makulella
280,90122,Helahalpe
281,90132,Diganatenna
282,90134,Mirahawatta
283,90138,Pattiyagedara
284,90140,Ettampitiya
285,90150,Diyatalawa
286,90160,Haputale
287,90164,Ratkarawwa
288,90165,Nikapotha
289,90166,Akkarasiyaya
290,90168,Ohiya
291,90170,Boralanda
292,90171,Pitapola
293,90180,Haldummulla
294,90183,Soragune
295,90184,Kiriwanagama
296,90186,Kalupahana
297,90188,Uva Tenna
298,90190,Koslanda
299,90192,Uva Mawelagama
300,90200,Welimada
301,90204,Amunumulla
302,90206,Galedanda
303,90208,Gurutalawa
304,90212,Puhulpola
305,90214,Dikkapitiya
306,90216,Nugatalawa
307,90218,Medawela Udukinda
308,90222,Perawella
309,90224,Hangunnawa
310,90226,Uduhawara
311,90230,Uvaparanagama
312,90300,Ambagasdowa
313,90302,Bowela
314,90310,Lunuwatta
315,90322,Bambarapana
316,90324,Dimbulana
317,90326,Ambagahawatta
318,90328,Maspanna
319,90329,Yalagamuwa
320,90350,Keppetipola
321,90352,Kalubululanda
322,90354,Bogahakumbura
323,90356,Kandepuhulpola
324,90358,Hewanakumbura
325,90362,Boragas
326,90364,Silmiyapura
327,90500,Passara
328,90502,Bibilegama
329,90504,Miriyabedda
330,90506,Kotamuduna
331,90508,Hingurukaduwa
332,90512,Gamewela
333,90518,Medawelagama
334,90522,Pelagahatenna
335,90524,Hopton
336,90530,Lunugala
337,90532,Arawakumbura
338,90534,Pallekiruwa
339,90535,Madulsima
340,90540,Metigahatenna
341,90542,Atakiriya
342,90544,Pitamaruwa
343,90546,Kalugahakandura
344,90580,Namunukula
345,90582,Maussagolla
346,90584,Miyanakandura
347,90700,Mahiyanganaya
348,90702,Uraniya
349,90704,Ridimaliyadda
350,90706,Yalwela
351,90712,Arawatta
352,90714,Dambana
353,90716,Wewatta
354,90718,Sorabora Colony
355,90722,Aluttaramma
356,90724,Hebarawa
357,90726,Divulapelessa
358,90728,Kuruwitenna
359,90730,Mapakadawewa
360,90734,Uva Tissapura
361,90736,Aluketiyawa
362,90738,Keselpotha
363,90750,Girandurukotte
364,90752,Galporuyaya
365,90754,Malgoda
366,90756,Pahalarathkinda
367,96167,Idalgashinna
368,100,Fort
369,200,Slave Island
370,200,Slave lsland
371,300,Colpetty
372,400,Bambalapitiya
373,500,Havelock Town
374,600,Wellawatta
375,600,Kirulapone
376,800,Borella
377,1300,Kotahena
378,1500,Mutwal
379,10100,Sri Jayawardenepu
380,10115,Malabe
381,10116,Talawatugoda
382,10118,Hokandara
383,10120,Battaramulla
384,10150,Athurugiriya
385,10200,Homagama
386,10202,Mullegama
387,10204,Habarakada
388,10206,Pitipana Homagama
389,10208,Kiriwattuduwa
390,10230,Pannipitiya
391,10232,Hiripitya
392,10250,Nugegoda
393,10280,Maharagama
394,10290,Boralesgamuwa
395,10300,Piliyandala
396,10302,Deltara
397,10304,Siddamulla
398,10306,Madapatha
399,10320,Polgasowita
400,10350,Dehiwala
401,10370,Mount Lavinia
402,10400,Moratuwa
403,10500,Padukka
404,10502,Horagala
405,10504,Meegoda
406,10508,Kahawala
407,10511,Watareka
408,10513,Batawala
409,10522,Bope
410,10524,Handapangoda
411,10526,Batugampola
412,10600,Kolonnawa
413,10620,Mulleriyawa New Town
414,10640,Kaduwela
415,10650,Hanwella
416,10654,Ranala
417,10656,Dedigamuwa
418,10680,Waga
419,10682,Tummodara
420,10700,Avissawella
421,10704,Napawela
422,10712,Puwakpitiya
423,10714,Hewainna
424,10718,Kalatuwawa
425,10730,Kosgama
426,10732,Akarawita
427,80000,Galle
428,80042,Wakwella
429,80044,Anangoda
430,80046,Walahanduwa
431,80048,Ankokkawala
432,80054,Gonamulla Junction
433,80056,Hiyare
434,80058,Talagampola
435,80062,Kottawagama
436,80064,Nakiyadeniya
437,80070,Udugama
438,80075,Panangala
439,80080,Hiniduma
440,80082,Neluwa
441,80084,Warukandeniya
442,80086,Pannimulla Panagoda
443,80090,Akmeemana
444,80092,Meda-Keembiya
445,80100,Wanduramba
446,80107,Yatalamatta
447,80108,Udalamatta
448,80110,Nagoda
449,80112,Mapalagama
450,80114,Parana ThanaYamgoda
451,80116,Mapalagama Central
452,80120,Wanchawela
453,80122,Angulugaha
454,80130,lmaduwa
455,80132,Hawpe
456,80134,Ihala Walpola
457,80136,Kananke Bazaar
458,80142,Opatha
459,80143,Banagala
460,80144,Malgalla Talangalla
461,80146,Halvitigala Colony
462,80148,Tawalama
463,80150,Yakkalamulla
464,80151,Karagoda
465,80152,Magedara
466,80168,Uluvitike
467,80170,Poddala
468,80200,Baddegama
469,80204,Ampegama
470,80212,Agaliya
471,80214,Unenwitiya
472,80216,Weihena
473,80220,Ginimellagaha
474,80230,Gonapinuwala
475,80240,Hikkaduwa
476,80244,Tiranagama
477,80250,Dodanduwa
478,80260,Ratgama
479,80270,Boossa
480,80280,Gintota
481,80300,Ambalangoda
482,80302,Godahena
483,80312,Kahawa
484,80318,Nindana
485,80320,Batapola
486,80328,Kuleegoda
487,80330,Meetiyagoda
488,80332,Aluthwala
489,80340,Watugedara
490,80350,Uragasmanhandiya
491,80352,Uragaha
492,80354,Rantotuwila
493,80360,Karandeniya
494,80400,Elpitiya
495,80402,Ella Tanabaddegama
496,80406,Talgaspe
497,80408,Porawagama
498,80416,Nawadagala
499,80420,Pitigala
500,80422,Amugoda
501,80424,Mattaka
502,80432,lhalahewessa
503,80440,Ganegoda
504,80458,Ethkandura
505,80460,Kahaduwa
506,80470,Talgaswela
507,80500,Bentota
508,80502,Gonagalpura
509,80506,Haburugala
510,80508,Miriswatta
511,80510,lnduruwa
512,80550,Balapitiya
513,80562,Ahungalla
514,80570,Kosgoda
515,80600,Unawatuna
516,80615,Talpe
517,80630,Habaraduwa
518,80650,Ahangama
519,80654,Dikkumbura
520,10660,Pugoda
521,10662,Kapugoda
522,10664,Tittapattara
523,11000,Gampaha
524,11010,Ragama
525,11011,Batuwatta
526,11012,Walpola (WP)
527,11020,Ganemulla
528,11024,Bollete (WP)
529,11030,Udugampola
530,11033,Madelgamuwa
531,11034,Uggalboda
532,11040,Bemmulla
533,11043,Pethiyagoda
534,11052,Ambagaspitiya
535,11054,Udathuthiripitiya
536,11056,Mudungoda
537,11061,Mandawala
538,11062,Lunugama
539,11063,Naranwala
540,11066,Nedungamuwa
541,11068,Wanaluwewa
542,11100,Veyangoda
543,11102,Dewalapola
544,11104,Wattala
545,11104,Watinapaha
546,11105,Kumbaloluwa
547,11108,Essella
548,11112,Muddaragama
549,11114,Mabodale
550,11116,Ellakkala
551,11120,Attanagalla
552,11122,Alawala
553,11126,Urapola
554,11128,Nikahetikanda
555,11129,Rukmale
556,11134,Bopagama
557,11142,Ruggahawila
558,11144,Kahatowita
559,11146,Walgammulla
560,11150,Pallewela
561,11160,Kaleliya
562,11200,Mirigama
563,11204,Loluwagoda
564,11206,Kitalawalana
565,11208,Divuldeniya
566,11212,Ambepussa
567,11214,Pamunuwatta
568,11216,Bokalagama
569,11222,Nawana
570,11224,Kaluaggala
571,11226,Walpita
572,11228,Delwagura
573,11232,Kotadeniyawa
574,11234,Mellawagedara
575,11242,Kitulwala
576,11244,Banduragoda
577,11250,Divulapitiya
578,11260,Marandagahamula
579,11262,Hunumulla
580,11264,Dunagaha
581,11265,Ihala Madampella
582,11270,Demanhandiya
583,11320,Kandana
584,11324,Polpithimukulana
585,11328,Uswetakeiyawa
586,11350,Ja-Ela
587,11354,Niwandama
588,11358,Makewita
589,11370,Pamunugama
590,11380,Ekala
591,11390,Kotugoda
592,11400,Raddolugama
593,11410,Seeduwa
594,11420,Katunayake(FTZ)
595,11440,Katunayake Air Force Camp
596,11450,Katunayake
597,11500,Negombo
598,11504,Talahena
599,11522,Kimbulapitiya
600,11524,Dagonna
601,11526,Katuwellegama
602,11532,Thimbirigaskatuwa
603,11534,Katana
604,11536,Akaragama
605,11538,Badalgama
606,11540,Kochchikade
607,11550,Minuwangoda
608,11558,Andiambalama
609,11562,Wegowwa
610,11564,Horampella
611,11566,Yatiyana(WP)
612,11568,Hinatiyana Madawala
613,11600,Kelaniya
614,11607,Siyambalape
615,11618,Heiyanthuduwa
616,11630,GonawalaWP
617,11640,Makola
618,11650,Biyagama
619,11670,Malwana
620,11672,Biyagama IPZ
621,11680,Dompe
622,11690,Dekatana
623,11692,Demalagama
624,11700,Delgoda
625,11710,Weliveriya
626,11715,Henegama
627,11720,Buthpitiya
628,11724,Wathurugama
629,11725,Radawana
630,11730,Kirindiwela
631,11734,Hiswella
632,11741,Pepiliyawala
633,11742,Mithirigala
634,11830,Peliyagoda
635,11850,Kadawatha
636,11856,Imbulgoda
637,11858,Weboda
638,11870,Yakkala
639,11875,Kalagedihena
640,11880,Nittambuwa
641,11889,Debahera
642,11890,Pasyala
643,11892,Radawadunna
644,11894,Weweldeniya
645,11896,Danowita
646,82000,Hambantota
647,82002,Bundala
648,82004,Weligatta
649,82005,Bandagiriya Colony
650,82006,Gonnoruwa
651,82008,Pahala Andarawewa
652,82010,Sooriyawewa Town
653,82014,Migahajandur
654,82016,Mahagalwewa
655,82018,Ranmuduwewa
656,82100,Ambalantota
657,82102,Beragama
658,82106,RU/Ridiyagama
659,82108,Lunama
660,82109,Mamadala
661,82110,Barawakumbuka
662,82120,Hungama
663,82125,Ranna
664,82126,Kahandamodara
665,82135,Netolpitiya
666,82200,Tangalla
667,82220,Angunakolapelessa
668,82232,Vitharandeniya
669,82240,Weeraketiya
670,82242,Mulkirigala
671,82246,Wekandawela
672,82248,Hakuruwela
673,82252,Julampitiya
674,82254,Medamulana
675,82270,Middeniya
676,82274,Kariyamaditta
677,82276,Ratmalwala
678,82278,Uswewa
679,82300,Nakulugamuwa
680,82400,Beliatta
681,82401,Goda Koggalla
682,82412,Ihala Beligalla
683,82414,Nihiluwa
684,82416,Modarawana
685,82418,Yatigala
686,82420,Getamanna
687,82450,Walasmulla
688,82454,Pallekanda
689,82456,Horewelagoda
690,82458,Bowalagama
691,82462,Ittademaliya
692,82500,Katuwana
693,82504,Uda Gomadiya
694,82550,Kirama
695,82554,Rammalawarapitiya
696,82586,Gangulandeniya
697,82600,Tissamaharama
698,82602,Gonagamuwa Uduwila
699,82608,Magama
700,82612,Ranakeliya
701,82614,Kirinda
702,82615,Weerawila NewTown
703,82618,Beralihela
704,82619,Ellagala
705,82622,Kawantissapura
706,82632,Weerawila
707,82634,Lunugamwehera
708,82636,Padawkema
709,82638,Udamattala
710,40000,Jaffna
711,71000,Kegalle
712,71009,Deldeniya
713,71014,Hiriwadunna
714,71016,Molagoda
715,71022,Deewala Pallegama
716,71029,Yattogoda
717,71034,Damunupola
718,71035,Watura
719,71037,Debathgama
720,71039,Pothukoladeniya
721,71041,Aruggammana
722,71044,Beligala(Sab)
723,71046,Helamada
724,71050,Dewalegama
725,71055,Imbulgasdeniya
726,71060,Nelundeniya
727,71062,Tuntota
728,71063,Mahapallegama
729,71100,Rambukkana
730,71105,Parape
731,71106,Thotawella
732,71108,Hewadiwela
733,71113,Udagaldeniya
734,71115,Dombemada
735,71116,Yatagama
736,71130,Pattampitiya
737,71200,Undugoda
738,71202,Kabagamuwa
739,71204,Alawatura
740,71208,Bossella
741,71210,Hettimulla
742,71211,Maharangalla
743,71220,Morontota
744,71222,Gantuna
745,71230,Bulathkohupitiya
746,71232,Ampagala
747,71234,Wegalla
748,71236,Udapotha
749,71237,Dedugala
750,71300,Ruwanwella
751,71303,Wahakula
752,71304,Waharaka
753,71312,Galpatha(Sab)
754,71313,Imbulana
755,71315,Lewangama
756,71318,Gonagala
757,71320,Amitirigala
758,71321,Batuwita
759,71325,Malmaduwa
760,71326,Yatapana
761,71350,Galigamuwa Town
762,71352,Hakahinna
763,71360,Pitagaldeniya
764,71363,Atale
765,71370,Kotiyakumbura
766,71372,Kannattota
767,71400,Dehiowita
768,71401,Deloluwa
769,71403,Anhettigama
770,71407,Noori
771,71411,Maliboda
772,71417,Hinguralakanda
773,71418,Boralankada
774,71430,Deraniyagala
775,71432,Miyanawita
776,71500,Mawanella
777,71501,Kondeniya
778,71503,Ambulugala
779,71505,Galatara
780,71507,Makehelwala
781,71508,Alutnuwara
782,71510,Ussapitiya
783,71520,Hingula
784,71521,Udumulla
785,71527,Dewanagala
786,71530,Hemmatagama
787,71533,Kehelpannala
788,71540,Aranayaka
789,71541,Talgaspitiya
790,71546,Ambalakanda
791,71600,Warakapola
792,71601,Dorawaka
793,71602,Niyadurupola
794,71603,Galapitamada
795,71605,Dunumala
796,71607,Algama
797,71610,Tulhiriya
798,71612,Bopitiya (SAB)
799,71619,Tholangamuwa
800,71622,Weragala
801,71700,Yatiyantota
802,71702,Weeoya
803,71704,Malalpola
804,71706,Berannawa
805,71708,Seaforth Colony
806,71712,Welihelatenna
807,71715,Hakbellawaka
808,71716,Migastenna Sabara
809,71720,Kitulgala
810,71722,Mahabage
811,71724,Teligama
812,60000,Kurunegala
813,60003,Kudagalgamuwa
814,60004,Minhettiya
815,60013,Doratiyawa
816,60016,Indulgodakanda
817,60024,Demataluwa
818,60025,Ithanawatta
819,60027,Boyagane
820,60028,Kohilagedara
821,60029,Kosgolla
822,60034,Hindagolla
823,60036,Ambakote
824,60038,Morathiha
825,60040,Ridigama
826,60044,Delwite
827,60045,Iriyagolla
828,60047,Alawatuwala
829,60052,Panagamuwa
830,60053,Pihimbuwa
831,60054,Kanadeniyawala
832,60058,Pilessa
833,60060,Mawathagama
834,60062,Kahapathwala
835,60064,Inguruwatta
836,60066,Meetanwala
837,60072,Puswelitenna
838,60074,Anhandiya
839,60076,Buluwala
840,60080,Weuda
841,60094,Uhumiya
842,60096,Kalugamuwa
843,60100,Narammala
844,60106,Karagahagedara
845,60107,Bogamulla
846,60108,Lonahettiya
847,60112,Pahamune
848,60121,Metiyagane
849,60122,Muruthenge
850,60130,Dambadeniya
851,60135,Ihala Katugampala
852,60140,Giriulla
853,60152,Narangoda
854,60155,Bopitiya
855,60156,Elibichchiya
856,60160,Pannala
857,60162,Labbala
858,60170,Gonawila
859,60174,Daraluwa
860,60176,Sandalankawa
861,60181,Horambawa
862,60182,Alahitiyawa
863,60183,Kekunagolla
864,60184,Kirimetiyawa
865,60186,Nakkawatta
866,60188,Kithalawa
867,60195,Wewagama
868,60198,Walakumburumulla
869,60200,Kuliyapitiya
870,60202,Yakwila
871,60204,Wadumunnegedara
872,60206,Welpalla
873,60208,Thalahitimulla
874,60209,Madakumburumulla
875,60211,Ihala Gomugomuwa
876,60212,Kirindawa
877,60214,Anukkane
878,60218,Munamaldeniya
879,60221,Magulagama
880,60226,Nagollagoda
881,60227,Tharana Udawela
882,60228,Deegalla
883,60232,llukhena
884,60236,Padiwela
885,60238,lhala Kadigamuwa
886,60240,Welipennagahamulla
887,60250,Udubaddawa
888,60260,Dummalasuriya
889,60262,Watuwatta
890,60266,Etungahakotuwa
891,60280,Alawwa
892,60284,Wennoruwa
893,60286,Maharachchimulla
894,60288,Keppitiwalana
895,60291,Bujjomuwa
896,60292,Nawatalwatta
897,60300,Polgahawela
898,60304,Metikumbura
899,60306,Talawattegedara
900,60308,Aragoda
901,60312,Panaliya
902,60314,Yatigaloluwa
903,60318,Wadakada
904,60330,Pothuhera
905,60344,Maspotha
906,60347,Bamunukotuwa
907,60348,Panadaragama
908,60350,Katupota
909,60354,Moragane
910,60356,Kosdeniya
911,60400,Wariyapola
912,60402,Wellagala
913,60404,Malagane
914,60406,Minuwangete
915,60408,Mirihanagama
916,60410,Kobeigane
917,60414,Hengamuwa
918,60416,Alahengama
919,60422,Kanattewewa
920,60424,Bandara Koswatta
921,60426,Tuttiripitigama
922,60430,Hettipola
923,60434,Mandapola
924,60436,Sunandapura
925,60437,Boraluwewa
926,60438,Kuratihena
927,60439,Pihimbiya Ratmale
928,60441,Halmillawewa
929,60450,Bingiriya
930,60453,Tisogama
931,60454,Weerapokuna
932,60456,Wellarawa
933,60458,Hiruwalpola
934,60461,Padeniya
935,60462,Awulegama
936,60464,Welawa Juncton
937,60465,Wannigama
938,60470,Nikaweratiya
939,60472,Divullegoda
940,60474,Hulogedara
941,60476,Thimbiriyawa
942,60477,Hulugalla
943,60478,Sirisetagama
944,60479,Mahagirilla
945,60482,Nabadewa
946,60483,Kotawehera
947,60484,Meewellawa
948,60485,Digannewa
949,60486,Hilogama
950,60490,Wannirasnayakapura
951,60492,Kadigawa
952,60495,Monnekulama
953,60499,Torayaya
954,60500,lbbagamuwa
955,60502,Kirindigalla
956,60506,Kumbukwewa
957,60508,Kumbukgeta
958,60512,Maeliya
959,60514,Makulpotha
960,60516,Mahamukalanyaya
961,60518,Periyakadneluwa
962,60522,Gokaralla
963,60530,Dodangaslanda
964,60532,Maduragoda
965,60540,Melsiripura
966,60544,Diddeniya
967,60546,Hiriyala Lenawa
968,60548,Kimbulwanaoya
969,60549,Nelliya
970,60552,Madahapola
971,60554,Pansiyagama
972,60558,Panliyadda
973,60570,Wellawa
974,60572,Thalwita
975,60578,Makulwewa
976,60580,Nikadalupotha
977,60582,Hunupola
978,60584,Thambagalla
979,60590,Nagollagama
980,60600,Maho
981,60602,Karambe
982,60604,Balalla
983,60606,Ridibendiella
984,60612,Medivawa
985,60620,Polpitigama
986,60622,Ulpotha Pallekele
987,60624,Thalakolawewa
988,60630,Konwewa
989,60640,Moragollagama
990,60646,Siyambalangamuwa
991,60650,Ambanpola
992,60700,Galgamuwa
993,60704,Palukadawala
994,60706,Ataragalla
995,60712,Gallewa
996,60714,Makulewa
997,60716,Ehetuwewa
998,60718,Embogama
999,60721,Wannikudawewa
1000,60722,Wannilhalagama
1001,60724,Mahananneriya
1002,60731,Mahagalkadawala
1003,60732,Usgala Siyabmalangamuwa
1004,60734,Tambutta
1005,60735,Pahalagiribawa
1006,60736,Saliya Asokapura
1007,60737,Solepura
1008,60738,Solewewa
1009,60739,Warawewa
1010,60750,Meegalawa
1011,60752,Girathalana
1012,60754,Kudakatnoruwa
1013,12000,Kalutara
1014,12005,Galpatha
1015,12006,Yatawara Junction
1016,12007,Koholana
1017,12008,Bolossagama
1018,12009,Remunagoda
1019,12016,Gamagoda
1020,12020,Dodangoda
1021,12024,Bombuwala
1022,12025,Tebuwana
1023,12030,Neboda
1024,12050,Paiyagala
1025,12055,Halkandawila
1026,12060,Maggona
1027,12070,Beruwala
1028,12074,Padagoda
1029,12078,Kalawila Kiranthidiya
1030,12080,Alutgama
1031,12090,Dharga Town
1032,12094,Meegama
1033,12100,Matugama
1034,12104,Yatadolawatta
1035,12106,Nawattuduwa
1036,12108,Welipenna
1037,12112,Walagedara
1038,12114,Pannila
1039,12116,Ittapana
1040,12118,Halwala
1041,12122,Paraigama
1042,12124,Yagirala
1043,12126,Mahakalupahana
1044,12127,Utumgama
1045,12130,Meegahatenna
1046,12134,Walallawita
1047,12136,Polgampola
1048,12138,Pelawatta
1049,12142,Boralugoda
1050,12144,Pahalahewessa
1051,12148,Danawala Thiniyawala
1052,12200,Agalawatta
1053,12204,Veyangalla
1054,12210,Mahagama
1055,12214,Pelanda
1056,12216,Molkawa
1057,12218,Kelinkanda
1058,12222,Kitulgoda
1059,12224,Bellana
1060,12230,Baduraliya
1061,12232,Morapitiya
1062,12234,Hedigalla Colony
1063,12236,Gurulubadda
1064,12300,Bulathsinhala
1065,12302,Paragoda
1066,12304,Delmella
1067,12306,Halwatura
1068,12308,Diwalakada
1069,12310,Govinna
1070,12320,Anguruwatota
1071,12322,Uduwara
1072,12400,Horana
1073,12404,Pokunuwita
1074,12410,Gonapola Junction
1075,12412,Millaniya
1076,12414,Paragastota
1077,12416,Dombagoda
1078,12418,Kananwila
1079,12422,Millewa
1080,12424,Miwanapalana
1081,12426,Kuda Uduwa
1082,12428,Kandanagama
1083,12432,Poruwedanda
1084,12440,lngiriya
1085,12500,Panadura
1086,12524,Alubomulla
1087,12530,Bandaragama
1088,12534,Welmilla Junction
1089,12538,Haltota
1090,12550,Kehelwatta
1091,12560,Wadduwa
1092,12564,Morontuduwa
1093,12580,Waskaduwa
1094,20000,Kandy
1095,20032,Halloluwa
1096,20034,Yatihalagala
1097,20042,lhala Kobbekaduwa
1098,20044,Sangarajapura
1099,20048,Kulugammana
1100,20052,Uduwa
1101,20060,Hataraliyadda
1102,20062,Aludeniya
1103,20068,Dedunupitiya
1104,20072,Nugawela
1105,20080,Werellagama
1106,20084,Pallekotuwa
1107,20086,Kumburegama
1108,20092,Harankahawa
1109,20094,Udahingulwala
1110,20095,Gallellagama
1111,20100,Galagedara
1112,20106,Poholiyadda
1113,20108,Wettawa
1114,20109,Minigamuwa
1115,20112,Pujapitiya
1116,20118,Pattiya Watta
1117,20120,Medawala Harispattuwa
1118,20126,Dolapihilla
1119,20128,Rambukwella
1120,20132,Batugoda
1121,20134,Watagoda Harispattuwa
1122,20136,Ambatenna
1123,20140,Alawatugoda
1124,20142,Wilanagama
1125,20150,Ankumbura
1126,20152,Galhinna
1127,20154,Batagolladeniya
1128,20160,Ampitiya
1129,20164,Uduwela
1130,20166,Tennekumbura
1131,20168,Kundasale
1132,20170,Menikhinna
1133,20172,Lunuketiya Maditta
1134,20176,Naranpanawa
1135,20180,Rajawella
1136,20184,Gomagoda
1137,20186,Kengalla
1138,20189,Gurudeniya
1139,20194,Nattarampotha
1140,20196,Pilawala
1141,20198,Ketawala Leula
1142,20200,Talatuoya
1143,20202,Etulgama
1144,20204,Nugaliyadda
1145,20206,Kapuliyadde
1146,20210,Marassana
1147,20212,Kolabissa
1148,20214,Godamunna
1149,20216,Mahamedagama
1150,20218,Bawlana
1151,20232,Murutalawa
1152,20234,Yahalatenna
1153,20250,Polgolla
1154,20260,Madawala Bazaar
1155,20270,Gunnepana
1156,20300,Kadugannawa
1157,20306,Ketakumbura
1158,20308,Balana
1159,20400,Peradeniya
1160,20404,Uda Peradeniya
1161,20409,Megoda Kalugamuwa
1162,20414,Hindagala
1163,20418,Nillambe
1164,20420,Galaha
1165,20430,Deltota
1166,20438,Handawalapitiya
1167,20440,Hewaheta
1168,20442,Kiribathkumbura
1169,20450,Pilimatalawa
1170,20454,Wattappola
1171,20465,Danture
1172,20470,Menikdiwela
1173,20480,Handessa
1174,20482,Leemagahakotuwa
1175,20500,Gampola
1176,20506,Udahentenna
1177,20510,Dolosbage
1178,20511,Pattitalawa
1179,20512,Meetalawa
1180,20524,Hondiyadeniya
1181,20526,Muruthagahamulla
1182,20532,Doluwa
1183,20544,Panwilatenna
1184,20546,Pupuressa
1185,20562,Ulapane
1186,20564,Mawatura
1187,20574,Atabage
1188,20578,Paradeka
1189,20580,Pussellawa
1190,20610,Weligalla
1191,20620,Gelioya
1192,20640,Velamboda
1193,20644,Bambaragahaela
1194,20650,Nawalapitiya
1195,20654,Pasbage
1196,20656,Gonawalapatana
1197,20658,Dekinda
1198,20662,Mapakanda
1199,20664,Galaboda
1200,20666,Weligampola
1201,20676,Rambukpitiya
1202,20702,Mailapitiya
1203,20708,Unuwinna
1204,20710,Hanguranketha
1205,20712,Gonagantenna
1206,20714,Marymount Colony
1207,20722,Udawatta
1208,20724,lllagolla
1209,20730,Rikillagaskada
1210,20732,Ekiriya
1211,20734,Pallebowala
1212,20738,Karandagolla
1213,20742,Elamulla
1214,20744,Mandaram Nuwara
1215,20748,Maturata
1216,20800,Katugastota
1217,20802,Udatalawinna
1218,20810,Wattegama
1219,20816,Doragamuwa
1220,20818,Rathukohodigala
1221,20822,Jambugahapitiya
1222,20824,Dunuwila
1223,20828,Makkanigama
1224,20830,Panvila
1225,20838,Tawalantenna
1226,20840,Madulkele
1227,20850,Akurana
1228,20900,Teldeniya
1229,20902,Kumbukkandura
1230,20904,Senarathwela
1231,20906,Putuhapuwa
1232,20908,Werapitya
1233,20914,Wendaruwa
1234,20916,Udispattuwa
1235,20921,Makuldeniya
1236,20922,Rangala
1237,20923,Mimure
1238,20924,Kahataliyadda
1239,20926,Kalugala
1240,20928,Kobonila
1241,20932,Bopana
1242,20934,Uduwahinna
1243,20938,Madugalla
1244,20940,Medamahanuwara
1245,20945,Mahadoraliyadda
1246,20948,Hunnasgiriya
1247,20950,Ududumbara
1248,20960,Hasalaka
1249,20965,Ulpothagama
1250,20966,Batumulla
1251,20967,Barawardhana Oya
1252,20971,Kolongoda
1253,20982,Weragantota
1254,20983,Minipe
1255,20984,Handaganawa
1256,20986,Ambagahapelessa
1257,20990,Rantembe
1258,41000,Mannar
1259,81000,Matara
1260,81017,Naimana
1261,81020,Kekanadurra
1262,81030,Ratmale
1263,81032,Aparekka
1264,81034,Yatiyana
1265,81038,Diyagaha
1266,81050,Palatuwa
1267,81051,Sultanagoda
1268,81060,Telijjawila
1269,81064,Ransegoda
1270,81070,Makandura
1271,81071,Mulatiyana Junction
1272,81072,Gomilamawarala
1273,81074,Rotumba
1274,81082,Karagoda Uyangoda
1275,81092,Nadugala
1276,81100,Kamburupitiya
1277,81106,Karaputugala
1278,81108,Horapawita
1279,81160,Devinuwara (Dondra)
1280,81170,Gandara
1281,81180,Kottegoda
1282,81200,Dikwella
1283,81220,Walasgala
1284,81230,Urugamuwa
1285,81280,Thihagoda
1286,81290,Puhulwella
1287,81294,Walakanda
1288,81300,Hakmana
1289,81302,Narawelpita
1290,81312,Miella
1291,81314,Denagama
1292,81316,Radawela
1293,81318,Karatota
1294,81320,Deiyandara
1295,81322,Parapamulla
1296,81326,Handugala
1297,81400,Akuressa
1298,81402,Athuraliya
1299,81404,Wilpita
1300,81408,Godapitiya
1301,81412,Bopagoda
1302,81414,Urumutta
1303,81416,Maramba
1304,81422,Diyalape
1305,81424,Maliduwa
1306,81450,Pitabeddara
1307,81452,Deegala Lenama
1308,81454,Derangala
1309,81456,Kiriwelkele
1310,81462,Siyambalagoda
1311,81470,Morawaka
1312,81472,Pahala Millawa
1313,81474,Paragala
1314,81475,Alapaladeniya
1315,81477,Dellawa
1316,81478,Kalubowitiyana
1317,81479,Waralla
1318,81480,Kotapola
1319,81500,Deniyaya
1320,81508,Viharahena
1321,81514,Kiriweldola
1322,81522,Kolawenigama
1323,81524,Mediripitiya
1324,81526,Lankagama
1325,81532,Moragala Kirillapone
1326,81538,Pothdeniya
1327,81541,Beralapanathara
1328,81600,Urubokka
1329,81612,Dampahala
1330,81614,Bengamuwa
1331,81615,Pasgoda
1332,81700,Weligama
1333,81722,Penetiyana
1334,81730,Denipitiya
1335,81740,Mirissa
1336,81750,Kamburugamuwa
1337,70250,Sewanagala
1338,70252,Kiriibbanwewa
1339,70254,Ekamutugama
1340,70256,Mahagama Colony
1341,91000,Monaragala
1342,91002,Pangura
1343,91003,Nakkala
1344,91004,Hulandawa
1345,91005,Wedikumbura
1346,91006,Marawa
1347,91007,Obbegoda
1348,91008,Galabedda
1349,91010,Dombagahawela
1350,91020,Ethimalewewa
1351,91022,Wilaoya
1352,91024,Kotiyagala
1353,91030,Siyambalanduwa
1354,91032,Kandaudapanguwa
1355,91038,Buddama
1356,91040,Inginiyagala
1357,91042,Nelliyadda
1358,91050,Dambagalla
1359,91052,Mariarawa
1360,91054,Uva Gangodagama
1361,91056,Ruwalwela
1362,91058,Baduluwela
1363,91060,Okkampitiya
1364,91070,Badalkumbura
1365,91098,Kumbukkana
1366,91100,Buttala
1367,91108,Moretuwegama
1368,91112,Uva Pelwatta
1369,91198,Warunagama
1370,91200,Wellawaya
1371,91202,Siyambalagune
1372,91204,Randeniya
1373,91206,Weherayaya Handapanagala
1374,91250,Ettiliwewa
1375,91295,Balaharuwa
1376,91298,Uva Kudaoya
1377,91300,Tanamalwila
1378,91302,Angunakolawewa
1379,91306,Suriara
1380,91308,Hambegamuwa
1381,91312,Kotawehera Mankada
1382,91400,Kataragama
1383,91405,Sella Kataragama
1384,91500,Bibile
1385,91502,Ekiriyankumbura
1386,91505,Pitakumbura
1387,91508,Nilgala
1388,91512,Kotagama
1389,91514,Diyakobala
1390,91516,Ayiwela
1391,91519,Nannapurawa
1392,91550,Medagana
1393,91552,Kandawinna
1394,91554,Bakinigahawela
1395,42000,Mullativu
1396,21000,Matale
1397,21004,Alwatta
1398,21006,Udatenna
1399,21008,Leliambe
1400,21009,Wehigala
1401,21012,Elkaduwa
1402,21014,Karagahinna
1403,21016,Katudeniya
1404,21020,Ovilikanda
1405,21032,Dankanda
1406,21042,Kiwula
1407,21044,Muwandeniya
1408,21046,Dunkolawatta
1409,21048,Walawela
1410,21051,Udasgiriya
1411,21054,Dullewa
1412,21055,Melipitiya
1413,21056,Yatawatta
1414,21058,Selagama
1415,21062,Metihakka
1416,21064,Imbulgolla
1417,21066,Kaikawala
1418,21068,Gammaduwa
1419,21070,Palapathwela
1420,21072,Kavudupelella
1421,21074,Madawala Ulpotha
1422,21076,Opalgala
1423,21082,Nalanda
1424,21090,Naula
1425,21094,Lenadora
1426,21100,Dambulla
1427,21106,Kandalama
1428,21108,Erawula Junction
1429,21112,Kalundawa
1430,21114,Wewalawewa
1431,21116,Talakiriyagama
1432,21120,Sigiriya
1433,21122,Kibissa
1434,21124,Inamaluwa
1435,21140,Mahawela
1436,21142,Akuramboda
1437,21144,Mananwatta
1438,21152,Pallepola
1439,21154,Millawana
1440,21156,Madipola
1441,21160,Wahacotte
1442,21200,Galewela
1443,21206,Dewahuwa
1444,21212,Bambaragaswewa
1445,21214,Beligamuwa
1446,21300,Ukuwela
1447,21400,Rattota
1448,21402,Etanawala
1449,21404,Gangala Puwakpitiya
1450,21406,lllukkumbura
1451,21408,Welangahawatte
1452,21500,Kongahawela
1453,21502,Pubbiliya
1454,21504,Ambana
1455,21506,Talagoda Junction
1456,21512,Ataragallewa
1457,21514,Hattota Amuna
1458,21520,Laggala Pallegama
1459,21524,Ranamuregama
1460,21530,Wilgamuwa
1461,21532,Perakanatta
1462,21534,Nugagolla
1463,21536,Handungamuwa
1464,21538,Dunuwilapitiya
1465,21552,Devagiriya
1466,21554,Maraka
1467,20560,Kotmale
1468,20566,Maswela
1469,20567,Doragala
1470,20568,Nayapana Janapadaya
1471,20588,Katukitula
1472,20590,Ramboda
1473,20592,Labukele
1474,20660,Ketaboola
1475,20668,Hapugastalawa
1476,20669,Harangalagama
1477,20670,Nawathispane
1478,20678,Ambagamuwa Udabulathgama
1479,20680,Ginigathena
1480,20682,Pitawala
1481,20684,Dagampitiya
1482,20686,Ambatalawa
1483,20688,Kelanigama
1484,20750,Padiyapelella
1485,20752,Munwatta
1486,22000,Hatton
1487,22002,Dunukedeniya
1488,22008,Rozella
1489,22010,Watawala
1490,22012,Patana
1491,22018,Wijebahukanda
1492,22021,Maldeniya
1493,22024,Hedunuwewa
1494,22032,Widulipura
1495,22034,Laxapana
1496,22036,Morahenagama
1497,22040,Kottellena
1498,22044,Hangarapitiya
1499,22046,Hitigegama
1500,22050,Dikoya
1501,22058,Norwood
1502,22060,Bogawantalawa
1503,22070,Maskeliya
1504,22075,Nissanka Uyana
1505,22080,Kotagala
1506,22090,Lindula
1507,22094,Agarapathana
1508,22095,Bopattalawa
1509,22096,Dayagama Bazaar
1510,22100,Talawakele
1511,22110,Watagoda
1512,22120,Pundaluoya
1513,22150,Nanuoya
1514,22200,Nuwara Eliya
1515,22202,Santhipura
1516,22208,Haggala
1517,22212,Ruwaneliya
1518,22214,Mipilimana
1519,22216,Ambewela
1520,22220,Kandapola
1521,22226,Gonakele
1522,22240,Halgranoya
1523,22245,Rupaha
1524,22246,Kumbukwela
1525,22250,Udapussallawa
1526,22252,Kurupanawela
1527,22254,Mipanawa
1528,22256,Madulla
1529,22262,Harasbedda
1530,22270,Walapane
1531,22272,Kumbalgamuwa
1532,22274,Keerthi Bandarapura
1533,22280,Nildandahinna
1534,22282,Kalaganwatta
1535,22285,Udamadura
1536,22287,Teripeha
1537,51000,Polonnaruwa
1538,51002,Kalingaela
1539,51004,Onegama
1540,51006,Lakshauyana
1541,51008,Unagalavehera
1542,51014,Alutwewa
1543,51016,Parakramasamudraya
1544,51024,Jayanthipura
1545,51026,Giritale
1546,51031,Dimbulagala
1547,51032,Kashyapapura
1548,51033,Pelatiyawa
1549,51034,Ellewewa
1550,51037,Kalukele Badanagala
1551,51039,Nuwaragala
1552,51042,Wijayabapura
1553,51044,Talpotha
1554,51046,Palugasdamana
1555,51049,Tambala
1556,51050,Pulastigama
1557,51052,Sungavila
1558,51062,Sevanapitiya
1559,51064,Mutugala
1560,51066,Nawasenapura
1561,51070,Welikanda
1562,51072,Aselapura
1563,51076,Mahawela Sinhapura
1564,51089,Tamankaduwa
1565,51090,Mampitiya
1566,51092,Dalukana
1567,51094,Dewagala
1568,51096,Nelumwewa
1569,51098,Hansayapalama
1570,51100,Aralaganwila
1571,51102,Pimburattewa
1572,51104,Divuldamana
1573,51106,Damminna
1574,51108,Maduruoya
1575,51225,Diyabeduma
1576,51235,Attanakadawala
1577,51244,Kottapitiya
1578,51246,Jayasiripura
1579,51250,Bakamuna
1580,51256,Orubendi Siyambalawa
1581,51258,Elahera
1582,51375,Galoya Junction
1583,51378,Sinhagama
1584,51400,Hingurakgoda
1585,51408,Hingurakdamana
1586,51410,Minneriya
1587,51412,Kumaragama
1588,51414,Kawudulla
1589,51416,Galamuna
1590,51422,Yodaela
1591,51424,Yudaganawa
1592,51428,Divulankadawala
1593,51500,Medirigiriya
1594,51504,Diyasenpura
1595,51506,Mahatalakolawewa
1596,51508,Meegaswewa
1597,51514,Kawuduluwewa Stagell
1598,51518,Maha Ambagaswewa
1599,61000,Chilaw
1600,61004,Udappuwa
1601,61006,Wijeyakatupotha
1602,61008,Wilpotha
1603,61012,Adippala
1604,61014,Mugunuwatawana
1605,61018,Ilippadeniya
1606,61022,Karawitagara
1607,61024,Ambakandawila
1608,61032,Kumarakattuwa
1609,61040,Pallama
1610,61042,Serukele
1611,61110,Waikkal
1612,61120,Nainamadama
1613,61130,Dankotuwa
1614,61136,Bujjampola
1615,61138,Lihiriyagama
1616,61144,Yogiyana
1617,61150,Lunuwila
1618,61154,Ihala Kottaramulla
1619,61158,Koswatta
1620,61162,Pothuwatawana
1621,61170,Wennappuwa
1622,61180,Katuneriya
1623,61190,Nattandiya
1624,61192,Dunkannawa
1625,61195,Muttibendiwila
1626,61198,Watugahamulla
1627,61210,Marawila
1628,61220,Mahawewa
1629,61224,Toduwawa
1630,61226,Kudawewa
1631,61230,Madampe
1632,61233,Galmuruwa
1633,61234,Panirendawa
1634,61236,Kakkapalliya
1635,61238,Bangadeniya
1636,61242,Rajakadaluwa
1637,61244,Nalladarankattuwa
1638,61246,Battuluoya
1639,61250,Mundel
1640,61252,Kottantivu
1641,61262,Baranankattuwa
1642,61264,Angunawila
1643,61266,Mangalaeliya
1644,61270,Madurankuliya
1645,61272,Mahakumbukkadawala
1646,61274,Mukkutoduwawa
1647,61280,Palaviya
1648,61300,Puttalam
1649,61302,Ismailpuram
1650,61306,Vanathawilluwa
1651,61307,Karativponparappi
1652,61308,Eluwankulama
1653,61312,Sirambiadiya
1654,61314,Karuwalagaswewa
1655,61316,Ihala Puliyankulama
1656,61322,Tabbowa
1657,61324,Saliyawewa Junction
1658,61326,Puttalam Cement Factory
1659,61328,Attawilluwa
1660,61341,Mampuri
1661,61342,Norachcholai
1662,61343,Ettale
1663,61344,Talawila Church
1664,61354,Palliwasalturai
1665,61356,Kurinjanpitiya
1666,61358,Kandakuliya
1667,61360,Kalpitiya
1668,61362,Kirimundalama
1669,61500,Anamaduwa
1670,61502,Uridyawa
1671,61504,Siyambalagashene
1672,61506,Mudalakkuliya
1673,61508,Andigama
1674,61512,Mahauswewa
1675,61514,Inginimitiya
1676,61516,Kuruketiyawa
1677,61520,Nawagattegama
1678,61532,Kottukachchiya
1679,61534,Kalladiya
1680,70000,Ratnapura
1681,70001,Malwala Junction
1682,70002,Gillimale
1683,70004,Sri Palabaddala
1684,70005,Kudawa
1685,70012,Hidellana
1686,70016,Kahangama
1687,70017,Dodampe
1688,70018,Karangoda
1689,70019,Dambuluwana
1690,70021,Medagalatur
1691,70024,Ayagama
1692,70026,Gawaragiriya
1693,70032,Elapatha
1694,70034,Udaniriella
1695,70036,Ratna Hangamuwa
1696,70038,Niralagama
1697,70041,Marapana
1698,70042,Dela
1699,70044,Udakarawita
1700,70045,Pebotuwa
1701,70046,Delwala
1702,70056,Lellopitiya
1703,70062,Gallella
1704,70066,Wewelwatta
1705,70070,Pelmadulla
1706,70080,Opanayaka
1707,70082,Akarella
1708,70100,Balangoda
1709,70101,Talakolahinna
1710,70104,Weligepola
1711,70105,Hatangala
1712,70106,Handagiriya
1713,70108,Hatarabage
1714,70112,Mahawalatenna
1715,70114,Wikiliya
1716,70116,Rajawaka
1717,70117,Mulgama
1718,70118,Tanjantenna
1719,70122,Kaltota
1720,70124,Welipathayaya
1721,70127,Meddekanda
1722,70129,Morahela
1723,70130,Pinnawala
1724,70131,Bolthumbe
1725,70133,Pambagolla
1726,70134,lmbulpe
1727,70135,Rassagala
1728,70136,Gurubewilagama
1729,70138,Waleboda
1730,70140,Belihuloya
1731,70142,Samanalawewa
1732,70144,Ihalagama
1733,70145,Halpe
1734,70150,Kahawatta
1735,70152,Panapitiya
1736,70154,Udaha Hawupe
1737,70156,Gabbela
1738,70158,Madalagama
1739,70160,Godakawela
1740,70162,Ranwala
1741,70164,Hapugastenna
1742,70165,NawinnaPinnakanda
1743,70170,Pallebedda
1744,70171,Halwinna
1745,70180,Kolambageara
1746,70190,Udawalawe
1747,70195,Gangeyaya
1748,70200,Embilipitiya
1749,70205,Tunkama
1750,70212,Mulendiyawala
1751,70215,Omalpe
1752,70218,Panamura
1753,70230,Padalangala
1754,70294,Atakalanpanna
1755,70296,Hiramadagama
1756,70298,Makandura Sabara
1757,70300,Rakwana
1758,70332,Demuwatha
1759,70338,Pothupitiya
1760,70342,Ittakanda
1761,70344,Bomluwageaina
1762,70345,Ullinduwawa
1763,70346,Bulutota
1764,70348,Vijeriya
1765,70350,Kolonna
1766,70352,Kella Junction
1767,70400,Nivitigala
1768,70403,Kolombugama
1769,70404,Doloswalakanda
1770,70408,Watapotha
1771,70450,Kalawana
1772,70455,Daugala
1773,70456,Waturawa
1774,70459,Veddagala
1775,70461,Panapola
1776,70469,Nawalakanda
1777,70472,Pimbura
1778,70480,Kiriella
1779,70482,Matuwagalagama
1780,70488,Karandana
1781,70492,Ellagawa
1782,70494,Minipura Dumbara
1783,70495,Dumbara Manana
1784,70500,Kuruwita
1785,70502,Sudagala
1786,70504,Batatota
1787,70506,Eratna
1788,70512,Teppanawa
1789,70550,Parakaduwa
1790,70552,Ellaulla
1791,70556,Godagampola
1792,70600,Eheliyagoda
1793,70602,Erepola
1794,70604,Mitipola
1795,70606,Ellawala
1796,70612,Panawala
1797,70620,Getahetta
1798,31000,Trincomalee
1799,31006,Sampaltivu
1800,31010,Nilaveli
1801,31012,Kumburupiddy
1802,31014,Kuchchaveli
1803,31016,Tiriyayi
1804,31026,Gomarankadawala
1805,31028,Buckmigama
1806,31032,Kanniya
1807,31034,Pankulam
1808,31036,Mahadivulwewa
1809,31038,Rottawewa
1810,31046,Tampalakamam
1811,31050,Chinabay
1812,31053,Vellamanal
1813,31100,Kinniya
1814,31106,Maharugiramam
1815,31112,Kurinchakemy
1816,31200,Mutur
1817,31212,Kaddaiparichchan
1818,31216,Sampur
1819,31220,Kiliveddy
1820,31222,Somapura
1821,31224,Mallikativu
1822,31226,Dehiwatte
1823,31228,Neelapola
1824,31232,Serunuwara
1825,31234,Lankapatuna
1826,31236,Echchilampattai
1827,31238,Mawadichenai
1828,31250,Toppur
1829,31260,Seruwila
1830,31300,Kantalai
1831,31304,Agbopura
1832,31306,Kantalai Sugar Factory
1833,31308,Wanela
1834,31312,Mullipothana
1835,31314,Sirajnagar
1836,31318,Galmetiyawa
1837,43000,Vavuniya
